Year,Country,Associated Dis,Dis Mag Value,Latitude,Longitude,Total Deaths
1902,Guatemala,Tsunami/Tidal wave,8.0,14.0,-91.0,2000.0
1905,India,,8.0,32.04,76.16,20000.0
1906,Chile,Tsunami/Tidal wave,8.0,33.05,71.4,20000.0
1906,Colombia,Tsunami/Tidal wave,9.0,1.51,-78.46,400.0
1907,China,,7.0,38.5,69.9,12000.0
1909,France,,6.0,44.05,6.14,46.0
1910,Algeria,,6.0,36.0,4.0,12.0
1914,Indonesia,Tsunami/Tidal wave,8.0,-3.924,101.82,20.0
1917,China,,7.0,28.0,104.0,1800.0
1917,Guatemala,,6.0,14.38,-90.22,2650.0
1917,Indonesia,,7.0,-7.0,116.0,15000.0
1918,China,Tsunami/Tidal wave,7.0,23.5,117.0,10000.0
1920,China,"Slide (land, mud, snow, rock)",9.0,36.888,105.606,180000.0
1922,Chile,Tsunami/Tidal wave,9.0,-28.553,-70.755,1000.0
1923,China,,7.0,31.295,100.75,5000.0
1924,Ecuador,,7.0,-1.29,-78.52,40.0
1925,China,,7.0,25.713,100.422,5000.0
1927,Indonesia,Tsunami/Tidal wave,6.0,-0.842,120.764,50.0
1927,China,,8.0,37.645,102.489,40912.0
1928,Canada,,7.0,48.6,-58.0,27.0
1928,Indonesia,,3.0,-8.3,121.7,128.0
1932,Indonesia,,7.0,0.5,126.0,6.0
1933,China,,8.0,31.9,103.4,10000.0
1936,Indonesia,Tsunami/Tidal wave,7.0,6.1,94.7,9.0
1939,Chile,Tsunami/Tidal wave,8.0,-36.305,-72.315,30000.0
1939,Ghana,Tsunami/Tidal wave,6.0,5.552,-0.628,22.0
1943,Chile,Tsunami/Tidal wave,8.0,-31.432,-71.475,12.0
1943,Indonesia,,7.0,-8.591,109.803,213.0
1944,Argentina,,7.0,-31.372,68.436,10000.0
1946,Chile,Tsunami/Tidal wave,8.0,-26.5,-70.5,2.0
1946,Dominican Republic (the),Tsunami/Tidal wave,8.0,19.25,-69.0,73.0
1949,Ecuador,"Slide (land, mud, snow, rock)",7.0,-1.5,-78.2,6000.0
1949,Chile,Tsunami/Tidal wave,7.0,-38.0,-73.5,35.0
1949,Chile,Tsunami/Tidal wave,8.0,-54.0,-71.0,6.0
1950,India,"Slide (land, mud, snow, rock)",9.0,28.5,96.5,1500.0
1953,Chile,Tsunami/Tidal wave,8.0,-37.093,-72.866,12.0
1953,Cyprus,Tsunami/Tidal wave,6.0,34.741,32.335,40.0
1953,Greece,Tsunami/Tidal wave,7.0,38.182,20.942,476.0
1953,Chile,,7.0,-22.1,-68.7,3.0
1954,Algeria,Tsunami/Tidal wave,7.0,36.283,1.467,1250.0
1954,Greece,,7.0,39.3,22.2,31.0
1955,China,,8.0,30.0,101.8,39.0
1955,Egypt,,6.0,32.2,29.6,20.0
1956,Greece,Tsunami/Tidal wave,8.0,36.664,25.957,53.0
1956,Afghanistan,,8.0,35.1,67.5,100.0
1956,India,,6.0,23.0,70.0,113.0
1958,Indonesia,,7.0,-9.5,112.5,8.0
1960,Chile,Volcanic activity,10.0,-38.143,-73.407,6000.0
1960,Algeria,,6.0,36.0,4.1,57.0
1961,Ethiopia,,7.0,10.4,39.9,30.0
1962,Albania,,6.0,40.9,19.5,15.0
1962,Colombia,,7.0,5.173,-76.352,47.0
1965,Indonesia,Tsunami/Tidal wave,8.0,-2.608,-125.952,71.0
1965,Chile,,7.0,-32.522,-71.233,400.0
1965,Algeria,,6.0,35.7,4.4,2.0
1965,Greece,,6.0,39.4,24.0,38.0
1966,Chile,,8.0,-25.494,-70.55,4.0
1966,Greece,,6.0,39.2,22.0,1.0
1966,Greece,,6.0,37.5,22.1,1.0
1967,Indonesia,Tsunami/Tidal wave,6.0,-3.7,119.3,71.0
1967,Albania,,7.0,41.386,20.532,11.0
1967,Colombia,,7.0,2.849,-74.798,61.0
1967,France,,5.0,43.2,-0.5,1.0
1967,Greece,,6.0,39.5,21.2,9.0
1967,Indonesia,,6.0,-8.965,113.017,54.0
1967,India,,7.0,17.412,73.885,177.0
1968,Greece,Tsunami/Tidal wave,7.0,39.368,24.957,19.0
1968,Indonesia,,8.0,0.157,119.802,200.0
1969,China,,6.0,22.317,111.8,3000.0
1969,Ethiopia,,6.0,11.9,41.21,24.0
1969,Indonesia,,7.0,-3.201,118.904,64.0
1970,China,,7.0,24.185,102.543,10000.0
1970,Ecuador,,7.0,-4.026,-80.542,29.0
1970,India,,5.0,21.7,73.0,26.0
1971,Chile,Tsunami/Tidal wave,8.0,-32.601,-71.076,85.0
1973,Costa Rica,,7.0,10.679,-84.759,21.0
1974,China,,7.0,28.4,104.1,20000.0
1975,China,,7.0,40.641,122.58,2000.0
1975,India,,7.0,32.455,78.43,47.0
1976,Afghanistan,,6.0,36.61,67.79,50.0
1976,China,,8.0,39.57,117.978,242000.0
1976,Ecuador,,7.0,0.782,79.804,10.0
1976,Guatemala,,8.0,15.324,-89.101,23000.0
1976,Indonesia,,7.0,-4.603,140.091,420.0
1976,Indonesia,,7.0,-8.17,114.888,573.0
1976,Indonesia,,7.0,-4.517,139.918,133.0
1977,Indonesia,Tsunami/Tidal wave,8.0,-11.164,118.378,185.0
1977,Argentina,,7.0,-31.028,-67.767,70.0
1977,Bulgaria,,6.0,45.77,26.76,20.0
1978,Greece,,6.0,40.739,23.229,50.0
1901,Japan,Tsunami/Tidal wave,8.0,40.5,142.5,18.0
1902,Soviet Union,,6.0,40.8,72.3,4562.0
1903,Turkey,,6.0,39.09,42.3,3560.0
1905,Japan,Tsunami/Tidal wave,7.0,37.4,142.6,41.0
1905,Italy,,7.0,38.67,16.07,557.0
1906,United States of America (the),Fire,8.0,37.67,-122.48,700.0
1906,Taiwan (Province of China),,7.0,23.6,170.5,1258.0
1907,Jamaica,,7.0,18.2,-76.8,1200.0
1908,Italy,Tsunami/Tidal wave,7.0,38.17,15.58,75000.0
1909,Iran (Islamic Republic of),,8.0,33.55,48.48,5000.0
1912,Turkey,Tsunami/Tidal wave,8.0,40.41,27.15,923.0
1913,Peru,,6.0,-14.2,-72.9,150.0
1914,Japan,,7.0,39.2,139.8,94.0
1915,Italy,,8.0,42.02,13.26,29980.0
1915,United States of America (the),,6.0,32.47,-115.33,6.0
1918,Philippines (the),Tsunami/Tidal wave,8.0,8.29,124.4,100.0
1918,Puerto Rico,Tsunami/Tidal wave,8.0,18.06,-67.54,116.0
1920,Italy,,6.0,44.3,10.3,1400.0
1923,Japan,Fire,8.0,35.413,139.298,143000.0
1923,Iran (Islamic Republic of),,6.0,35.2,59.2,2200.0
1925,United States of America (the),,6.0,34.25,-119.41,13.0
1927,Jordan,,6.0,31.922,35.633,268.0
1927,Japan,,7.0,35.632,135.013,3022.0
1929,New Zealand,"Slide (land, mud, snow, rock)",8.0,-41.55,172.25,17.0
1929,Iran (Islamic Republic of),,7.0,37.8,57.8,3253.0
1930,Myanmar,Tsunami/Tidal wave,8.0,17.86,96.43,500.0
1930,Iran (Islamic Republic of),,7.0,38.087,44.781,1360.0
1930,Italy,,6.0,40.922,15.377,1883.0
1930,Japan,,7.0,35.05,139.129,259.0
1930,Myanmar,,7.0,18.233,96.298,36.0
1931,Nicaragua,,6.0,13.2,-85.7,1000.0
1931,New Zealand,,7.0,-39.659,176.42,256.0
1931,Solomon Islands,,8.0,11.117,161.11,50.0
1933,United States of America (the),Tsunami/Tidal wave,6.0,33.62,117.97,116.0
1933,Japan,,8.0,39.224,144.622,3000.0
1935,Pakistan,Tsunami/Tidal wave,8.0,29.5,66.8,60000.0
1935,Taiwan (Province of China),,6.0,24.3,124.3,3276.0
1935,Taiwan (Province of China),,7.0,24.6,120.8,2746.0
1938,Turkey,,7.0,39.508,33.872,149.0
1939,Turkey,Tsunami/Tidal wave,8.0,39.771,39.57,32962.0
1939,Turkey,,6.0,39.7,10.4,13.0
1939,Turkey,,6.0,39.209,27.164,60.0
1940,Peru,Tsunami/Tidal wave,8.0,-10.5,-77.0,179.0
1940,Romania,,7.0,45.8,26.8,980.0
1940,United States of America (the),,7.0,32.733,-115.5,9.0
1941,Myanmar,,7.0,22.408,99.814,15.0
1942,Turkey,,7.0,40.87,36.732,3000.0
1943,Japan,,7.0,35.448,133.993,1400.0
1943,Peru,,5.0,-14.2,-71.5,200.0
1943,Turkey,,8.0,40.916,33.562,4020.0
1944,Japan,Tsunami/Tidal wave,8.0,33.682,36.204,1223.0
1944,Turkey,,8.0,40.696,32.992,3959.0
1944,Turkey,,7.0,39.502,26.596,27.0
1945,Japan,Tsunami/Tidal wave,7.0,34.612,137.064,2306.0
1945,Pakistan,Tsunami/Tidal wave,8.0,24.927,63.601,4000.0
1946,Japan,Tsunami/Tidal wave,8.0,33.116,135.895,2000.0
1946,United States of America (the),Tsunami/Tidal wave,9.0,53.492,-162.832,165.0
1946,Peru,,7.0,-8.41,-77.535,1400.0
1946,Soviet Union,,7.0,39.826,54.648,400.0
1946,Turkey,,6.0,39.3,41.2,840.0
1947,Iran (Islamic Republic of),,7.0,33.621,58.643,400.0
1947,Peru,,8.0,-10.973,-74.725,233.0
1948,Japan,,7.0,36.5,136.0,5131.0
1948,Philippines (the),,8.0,10.5,122.0,72.0
1948,Soviet Union,,7.0,37.95,58.32,110000.0
1949,Soviet Union,,7.0,39.2,70.8,3500.0
1949,Turkey,,7.0,39.0,40.5,320.0
1949,United States of America (the),,7.0,47.167,-122.617,8.0
1950,Peru,,6.0,-13.5,-72.0,83.0
1951,Nicaragua,Tsunami/Tidal wave,6.0,13.0,-87.5,500.0
1951,El Salvador,,7.0,13.3,-87.8,1100.0
1951,Turkey,,7.0,40.8,33.4,54.0
1952,Japan,Tsunami/Tidal wave,8.0,42.084,143.899,33.0
1952,Turkey,,5.0,36.5,35.5,20.0
1952,Turkey,,6.0,39.9,41.7,103.0
1952,United States of America (the),,8.0,34.958,-118.998,12.0
1952,United States of America (the),,6.0,35.333,-118.917,2.0
1953,Iran (Islamic Republic of),,7.0,35.385,54.979,970.0
1953,Peru,,7.0,-3.552,-80.636,9.0
1953,Turkey,,7.0,40.175,27.648,1200.0
1954,Philippines (the),,7.0,13.0,123.9,13.0
1955,Philippines (the),,6.0,7.674,124.081,400.0
1956,Iran (Islamic Republic of),,6.0,27.407,54.462,350.0
1956,Lebanon,,6.0,35.5,35.5,136.0
1957,Mexico,Tsunami/Tidal wave,8.0,16.5,-99.1,160.0
1957,Iran (Islamic Republic of),,7.0,36.277,52.778,2500.0
1957,Iran (Islamic Republic of),,7.0,34.3,47.8,3000.0
1957,Mongolia,,8.0,45.5,99.5,1200.0
1957,Tunisia,,6.0,36.2,8.9,13.0
1957,Turkey,,7.0,40.7,30.9,53.0
1958,Iran (Islamic Republic of),,7.0,34.4,47.9,191.0
1958,Peru,,7.0,-16.5,-72.0,28.0
1959,United States of America (the),Tsunami/Tidal wave,7.0,44.712,-111.215,28.0
1959,Mexico,,6.0,18.22,-94.416,25.0
1960,Morocco,Tsunami/Tidal wave,6.0,30.45,-9.62,12000.0
1960,Peru,Tsunami/Tidal wave,8.0,-15.75,-72.75,63.0
1960,Iran (Islamic Republic of),,6.0,28.0,54.5,480.0
1962,Iran (Islamic Republic of),,7.0,35.656,49.843,12000.0
1962,Italy,,6.0,41.4,15.5,16.0
1963,Libya,,5.0,32.6,21.0,300.0
1964,Japan,Tsunami/Tidal wave,7.0,38.67,139.195,25.0
1964,United States of America (the),Tsunami/Tidal wave,9.0,60.908,-147.339,131.0
1964,Mexico,,7.0,18.136,-100.605,45.0
1964,Turkey,,7.0,40.203,28.206,23.0
1964,Taiwan (Province of China),,7.0,23.2,120.6,107.0
1965,El Salvador,,6.0,13.5,-89.3,125.0
1965,United States of America (the),,7.0,47.4,-122.3,7.0
1966,Peru,Tsunami/Tidal wave,8.0,-10.665,-78.228,120.0
1966,Nepal,,6.0,29.706,80.935,80.0
1966,Turkey,,7.0,39.235,41.572,2394.0
1966,Uganda,,1.0,0.622,29.863,104.0
1967,Turkey,,7.0,40.751,30.8,183.0
1968,Japan,Tsunami/Tidal wave,7.0,40.5,140.43,47.0
1968,Mexico,Tsunami/Tidal wave,6.0,15.5,-92.7,15.0
1968,Turkey,Tsunami/Tidal wave,7.0,41.86,32.463,24.0
1968,Iran (Islamic Republic of),,5.0,39.2,44.3,38.0
1968,Iran (Islamic Republic of),,7.0,34.158,59.083,10000.0
1968,Italy,,6.0,37.702,13.033,224.0
1968,New Zealand,,7.0,-41.659,172.02,3.0
1968,Peru,,7.0,-5.61,-77.086,11.0
1969,Iran (Islamic Republic of),,6.0,37.1,57.9,50.0
1969,Peru,,7.0,-11.841,-75.051,150.0
1969,Turkey,,7.0,38.515,28.546,53.0
1970,Peru,"Slide (land, mud, snow, rock)",8.0,-9.183,-78.737,66794.0
1970,Papua New Guinea,"Slide (land, mud, snow, rock)",7.0,-4.999,145.396,15.0
1970,Iran (Islamic Republic of),,7.0,37.733,55.885,176.0
1970,Peru,,7.0,-4.026,-80.542,29.0
1970,Turkey,,7.0,39.098,29.57,1086.0
1971,Italy,,5.0,42.5,11.8,22.0
1971,Turkey,,6.0,37.6,29.8,57.0
1971,Turkey,,7.0,38.934,40.653,878.0
1971,United States of America (the),,7.0,34.416,-118.37,65.0
1972,Iran (Islamic Republic of),,7.0,28.415,52.765,5057.0
1972,Italy,,5.0,43.8,13.3,1.0
1972,Nicaragua,,6.0,12.184,-86.223,10000.0
1972,Pakistan,,6.0,36.0,73.4,100.0
1972,Peru,,6.0,-6.855,-76.726,12.0
1973,Mexico,,8.0,18.481,-102.996,56.0
1973,Mexico,,7.0,18.267,-96.598,500.0
1973,Philippines (the),,7.0,13.372,122.787,14.0
1974,Japan,Tsunami/Tidal wave,7.0,34.522,138.74,30.0
1974,Pakistan,Tsunami/Tidal wave,6.0,35.1,72.9,4700.0
1974,Peru,Tsunami/Tidal wave,8.0,-12.265,-77.795,78.0
1975,Solomon Islands,,8.0,-7.104,155.152,200.0
1975,Turkey,,7.0,38.474,40.723,2385.0
1976,Philippines (the),Tsunami/Tidal wave,8.0,6.262,124.023,6000.0
1976,Iran (Islamic Republic of),,6.0,33.8,59.15,16.0
1976,Iceland,,6.0,66.157,-16.582,1.0
1976,Italy,,7.0,46.356,13.275,922.0
1976,Turkey,,5.0,41.13,43.01,2.0
1976,Turkey,,5.0,37.7,28.89,4.0
1976,Turkey,,7.0,39.121,44.029,3840.0
1977,Solomon Islands,Tsunami/Tidal wave,7.0,-9.828,160.323,34.0
1977,Iran (Islamic Republic of),,7.0,27.609,56.393,167.0
1977,Iran (Islamic Republic of),,6.0,31.98,50.68,352.0
1977,Iran (Islamic Republic of),,5.0,38.934,44.38,3.0
1977,Iran (Islamic Republic of),,5.0,27.69,56.57,3.0
1977,Iran (Islamic Republic of),,6.0,30.95,56.47,589.0
1977,Philippines (the),,7.0,16.773,122.327,1.0
1977,Romania,,8.0,45.772,26.761,1641.0
1977,Tonga,,7.0,-22.878,-175.9,1.0
1977,Turkey,,5.0,38.56,40.02,30.0
1978,Japan,Tsunami/Tidal wave,7.0,34.809,139.259,25.0
1978,Iran (Islamic Republic of),,7.0,33.386,57.434,25000.0
1978,Italy,,6.0,38.391,15.066,5.0
1978,Japan,,8.0,38.19,142.028,28.0
1941,Yemen Arab Rep,,6.0,16.4,43.5,1200.0
1950,Venezuela (Bolivarian Republic of),Tsunami/Tidal wave,7.0,10.5,-68.0,100.0
1963,Yugoslavia,,6.0,42.1,21.3,1070.0
1967,Venezuela (Bolivarian Republic of),Tsunami/Tidal wave,7.0,10.559,-67.33,240.0
1968,Yugoslavia,,5.0,42.1,19.3,1.0
1969,Yugoslavia,,6.0,44.9,17.3,15.0
1969,South Africa,,6.0,-33.268,19.386,9.0
1979,Colombia,Tsunami/Tidal wave,8.0,1.598,-79.358,579.0
1979,Albania,,7.0,42.096,19.209,35.0
1979,China,,5.0,31.452,119.241,42.0
1979,Colombia,,7.0,4.805,-76.217,60.0
1980,Algeria,Tsunami/Tidal wave,7.0,36.195,1.354,2633.0
1980,Azores Islands,,7.0,38.815,-27.78,69.0
1980,Ecuador,,6.0,-1.948,-80.017,8.0
1980,Greece,,6.0,39.203,22.729,1.0
1981,Colombia,"Slide (land, mud, snow, rock)",5.0,8.117,-72.527,10.0
1981,Greece,"Slide (land, mud, snow, rock)",6.0,39.481,20.699,2.0
1981,China,,7.0,30.927,101.098,150.0
1981,Greece,,7.0,38.222,22.934,22.0
1982,Afghanistan,,7.0,36.148,69.011,500.0
1982,Albania,,6.0,40.883,19.59,1.0
1982,China,,6.0,31.907,99.931,10.0
1983,Costa Rica,"Slide (land, mud, snow, rock)",7.0,9.652,-83.688,2.0
1983,Chile,Tsunami/Tidal wave,7.0,-26.535,-70.563,4.0
1983,Afghanistan,,7.0,36.372,70.738,12.0
1983,Belgium,,5.0,50.37,5.31,2.0
1983,China,,5.0,35.206,115.213,34.0
1983,Colombia,,5.0,2.461,-76.686,250.0
1983,Costa Rica,,7.0,8.717,-83.123,10.0
1983,Guinea,,6.0,11.866,-13.529,443.0
1984,Afghanistan,,6.0,34.26,70.28,1.0
1985,Argentina,,7.0,-33.053,-68.467,6.0
1985,Chile,,8.0,-33.135,-71.871,180.0
1985,China,,6.0,25.926,102.871,22.0
1985,China,,7.0,39.431,75.224,67.0
1985,Algeria,,6.0,36.46,6.791,30.0
1986,Bulgaria,,5.0,43.12,25.57,3.0
1986,Brazil,,5.0,-3.58,-62.42,1.0
1986,Greece,,6.0,37.02,22.07,20.0
1987,Chile,"Slide (land, mud, snow, rock)",7.0,-19.022,-69.991,5.0
1987,Ecuador,"Slide (land, mud, snow, rock)",7.0,0.151,-77.785,5000.0
1987,Ecuador,"Slide (land, mud, snow, rock)",6.0,-0.978,-78.05,2.0
1987,Algeria,,4.0,35.964,1.374,1.0
1988,Guatemala,"Slide (land, mud, snow, rock)",7.0,13.881,-90.45,5.0
1988,Bangladesh,,6.0,24.688,91.57,2.0
1988,China,,8.0,22.789,99.611,939.0
1978,Iran (Islamic Republic of),,6.0,32.14,49.65,45.0
1978,Mexico,,8.0,16.01,-96.591,9.0
1979,Indonesia,Tsunami/Tidal wave,8.0,-1.679,136.04,2.0
1979,Indonesia,,6.0,-8.21,115.95,34.0
1979,Indonesia,,6.0,-7.656,108.252,26.0
1979,Indonesia,,7.0,-3.299,102.712,5.0
1979,Indonesia,,6.0,-8.39,115.889,32.0
1979,Iran (Islamic Republic of),,7.0,33.897,59.472,199.0
1979,Iran (Islamic Republic of),,7.0,33.918,59.741,350.0
1979,Iran (Islamic Republic of),,7.0,33.962,59.726,16.0
1979,Italy,,6.0,42.812,13.061,5.0
1979,Mexico,,8.0,17.813,-101.276,5.0
1979,Peru,,7.0,-16.39,-72.658,13.0
1980,India,,6.0,32.913,75.633,13.0
1980,Iran (Islamic Republic of),,6.0,34.587,50.652,20.0
1980,Iran (Islamic Republic of),,5.0,34.503,50.59,4.0
1980,Iran (Islamic Republic of),,6.0,35.4,51.26,26.0
1980,Italy,,7.0,40.914,15.366,4689.0
1980,Japan,,6.0,35.45,139.964,2.0
1980,Mexico,,6.0,32.2,-115.122,2.0
1980,Mexico,,7.0,18.211,-98.24,65.0
1980,Nepal,,7.0,29.598,81.092,100.0
1980,Peru,,5.0,-13.347,-74.545,7.0
1981,Indonesia,"Slide (land, mud, snow, rock)",7.0,-4.576,139.232,306.0
1981,Pakistan,"Slide (land, mud, snow, rock)",6.0,35.693,73.594,250.0
1981,Iran (Islamic Republic of),,7.0,29.913,57.715,2000.0
1981,Iran (Islamic Republic of),,7.0,30.013,57.794,1200.0
1981,Italy,,5.0,41.051,14.601,12.0
1981,Mexico,,7.0,18.048,-102.084,3.0
1981,Pakistan,,4.0,29.856,66.962,6.0
1981,Peru,,5.0,-13.166,-74.522,10.0
1981,Peru,,5.0,-13.144,-74.376,8.0
1982,Indonesia,"Slide (land, mud, snow, rock)",6.0,-8.405,123.08,13.0
1982,Japan,Tsunami/Tidal wave,7.0,42.158,142.361,110.0
1982,Mexico,,7.0,16.558,-98.358,9.0
1982,Peru,,6.0,-12.69,-76.065,3.0
1983,Philippines (the),"Slide (land, mud, snow, rock)",7.0,18.231,120.86,19.0
1983,Iran (Islamic Republic of),"Slide (land, mud, snow, rock)",5.0,35.953,52.264,30.0
1983,Japan,"Slide (land, mud, snow, rock)",5.0,35.5,139.07,1.0
1983,Japan,Tsunami/Tidal wave,8.0,40.462,139.102,102.0
1983,Iran (Islamic Republic of),,6.0,36.948,49.18,3.0
1983,Peru,,5.0,-4.843,-78.103,10.0
1983,Papua New Guinea,,6.0,5.392,151.868,10.0
1984,Japan,"Slide (land, mud, snow, rock)",7.0,36.39,138.1,20.0
1984,Indonesia,,6.0,-2.823,118.806,2.0
1984,India,,6.0,24.4,92.34,20.0
1984,Italy,,6.0,43.26,12.558,3.0
1984,Italy,,5.0,42.1,13.5,3.0
1984,Pakistan,,7.0,34.07,71.15,4.0
1985,Indonesia,,6.0,-4.13,136.049,10.0
1985,Iran (Islamic Republic of),,5.0,28.399,52.997,1.0
1985,Mexico,,8.0,18.19,-102.533,9500.0
1985,Pakistan,,7.0,36.19,70.896,5.0
1985,Philippines (the),,7.0,7.758,123.544,2.0
1986,India,,5.0,32.128,76.374,6.0
1986,Iran (Islamic Republic of),,6.0,29.962,51.582,1.0
1986,Peru,,6.0,-13.32,-71.57,15.0
1986,Peru,,5.0,-9.505,-77.512,1.0
1987,Indonesia,"Slide (land, mud, snow, rock)",7.0,-8.247,124.155,125.0
1987,Papua New Guinea,"Slide (land, mud, snow, rock)",7.0,-6.088,147.689,1.0
1987,Indonesia,,6.0,2.244,98.866,2.0
1987,Iran (Islamic Republic of),,5.0,34.076,48.266,2.0
1987,Japan,,6.0,35.38,140.214,2.0
1987,Mexico,,7.0,33.015,-115.852,2.0
1987,New Zealand,,7.0,-37.965,176.765,1.0
1988,India,,7.0,26.755,86.616,382.0
1988,Iran (Islamic Republic of),,6.0,29.974,51.679,1.0
1988,Nepal,,7.0,26.755,86.616,709.0
1979,Yugoslavia,Tsunami/Tidal wave,7.0,42.096,19.209,121.0
1982,El Salvador,"Slide (land, mud, snow, rock)",7.0,13.332,-89.387,20.0
1982,Yemen Arab Rep,,6.0,14.701,44.379,1507.0
1983,Turkey,,7.0,40.33,42.187,1346.0
1983,United States of America (the),,7.0,44.058,-113.857,2.0
1983,Yugoslavia,,5.0,41.959,21.54,12.0
1984,Turkey,,5.0,40.55,42.4,3.0
1985,Soviet Union,,6.0,40.301,69.823,29.0
1986,El Salvador,,8.0,13.4,-89.1,1100.0
1986,Soviet Union,,6.0,26.0,46.5,1.0
1986,Soviet Union,,6.0,41.431,43.737,2.0
1986,Turkey,,6.0,37.993,37.806,15.0
1986,Venezuela (Bolivarian Republic of),,6.0,10.77,-69.428,1.0
1987,United States of America (the),,6.0,34.061,-118.079,8.0
1988,Solomon Islands,,7.0,-10.199,160.855,1.0
1988,Soviet Union,,7.0,40.987,44.185,25000.0
1989,Algeria,Tsunami/Tidal wave,6.0,36.788,2.448,22.0
1989,Australia,,5.0,-32.967,151.619,12.0
1989,Bangladesh,,5.0,21.861,89.763,1.0
1989,China,,6.0,29.987,99.195,8.0
1989,China,,5.0,39.893,113.884,29.0
1989,China,,6.0,23.553,99.526,1.0
1989,China,,5.0,29.882,106.804,4.0
1990,Ecuador,"Slide (land, mud, snow, rock)",5.0,-0.259,-78.449,4.0
1990,Bulgaria,,7.0,45.841,26.668,1.0
1990,China,,6.0,37.001,103.863,1.0
1990,China,,7.0,35.986,100.245,126.0
1990,Costa Rica,,6.0,9.869,-84.302,1.0
1991,Afghanistan,"Slide (land, mud, snow, rock)",5.0,37.457,68.273,24.0
1991,Costa Rica,Tsunami/Tidal wave,6.0,9.685,-83.073,47.0
1991,Afghanistan,,6.0,38.993,70.423,130.0
1991,China,,6.0,39.8,173.9,1.0
1991,Colombia,,7.0,3.554,-77.442,2.0
1992,Colombia,Volcanic activity,7.0,7.123,7.0,11.0
1992,Afghanistan,,6.0,33.377,71.317,14.0
1992,Germany,,6.0,51.153,5.798,1.0
1992,Egypt,,6.0,29.888,31.223,552.0
1993,Colombia,,6.0,6.47,-71.21,2.0
1993,Costa Rica,,4.0,9.59,-84.04,3.0
1994,Bolivia (Plurinational State of),"Slide (land, mud, snow, rock)",8.0,-13.841,-67.553,5.0
1994,Colombia,"Slide (land, mud, snow, rock)",6.0,30.0,-76.2,271.0
1994,Afghanistan,,6.0,37.0,67.0,160.0
1989,Indonesia,"Slide (land, mud, snow, rock)",6.0,-4.511,139.022,120.0
1989,Iran (Islamic Republic of),,6.0,30.167,50.921,100.0
1989,Mexico,,7.0,16.773,-99.328,3.0
1989,Malawi,,6.0,-13.45,34.29,9.0
1990,Indonesia,"Slide (land, mud, snow, rock)",6.0,3.908,97.457,1.0
1990,Iran (Islamic Republic of),"Slide (land, mud, snow, rock)",7.0,36.961,49.414,40000.0
1990,Philippines (the),"Slide (land, mud, snow, rock)",8.0,15.658,121.227,2412.0
1990,Philippines (the),Tsunami/Tidal wave,7.0,9.725,124.625,1.0
1990,Peru,Volcanic activity,7.0,-6.016,-77.229,200.0
1990,Greece,,6.0,40.9,22.5,1.0
1990,Indonesia,,8.0,1.186,122.857,5.0
1990,Iran (Islamic Republic of),,7.0,28.251,55.462,21.0
1990,Italy,,5.0,40.38,15.48,2.0
1990,Italy,,5.0,37.3,15.438,19.0
1990,Pakistan,,7.0,35.121,70.486,11.0
1990,Pakistan,,6.0,28.925,66.331,11.0
1990,Philippines (the),,7.0,11.76,121.899,4.0
1990,Romania,,7.0,45.841,26.668,9.0
1991,Panama,Flood,7.0,9.685,-83.073,30.0
1991,Georgia,"Slide (land, mud, snow, rock)",6.0,42.8,44.0,8.0
1991,Guatemala,"Slide (land, mud, snow, rock)",5.0,14.646,-90.986,14.0
1991,India,"Slide (land, mud, snow, rock)",6.0,30.78,78.774,1500.0
1991,Peru,"Slide (land, mud, snow, rock)",5.0,-15.679,-71.274,11.0
1991,Indonesia,,7.0,-8.099,125.681,28.0
1991,Iraq,,6.0,36.12,44.01,20.0
1991,Pakistan,,6.0,38.993,70.423,300.0
1991,Peru,,7.0,-5.982,-77.094,53.0
1992,Georgia,"Slide (land, mud, snow, rock)",7.0,42.503,45.073,1.0
1992,Iran (Islamic Republic of),"Slide (land, mud, snow, rock)",5.0,31.726,50.778,5.0
1992,Kyrgyzstan,"Slide (land, mud, snow, rock)",8.0,42.142,73.575,54.0
1992,Indonesia,Tsunami/Tidal wave,8.0,-8.482,121.93,2500.0
1992,Nicaragua,Tsunami/Tidal wave,7.0,11.742,-87.34,179.0
1992,Kyrgyzstan,,7.0,42.01,74.01,4.0
1992,Pakistan,,6.0,29.3,66.7,4.0
1992,Pakistan,,6.0,33.377,71.317,36.0
1993,Japan,Fire,8.0,42.851,139.197,239.0
1993,Japan,"Slide (land, mud, snow, rock)",8.0,43.3,143.691,2.0
1993,Peru,"Slide (land, mud, snow, rock)",6.0,-11.652,-76.53,6.0
1993,Papua New Guinea,"Slide (land, mud, snow, rock)",7.0,-5.889,146.202,53.0
1993,Greece,,5.0,37.589,21.391,1.0
1993,India,,6.0,16.4,74.2,9748.0
1993,Iran (Islamic Republic of),,6.0,30.149,50.814,24.0
1994,Indonesia,"Slide (land, mud, snow, rock)",7.0,-4.967,104.302,207.0
1994,Iran (Islamic Republic of),"Slide (land, mud, snow, rock)",6.0,29.096,52.617,3.0
1994,Iran (Islamic Republic of),"Slide (land, mud, snow, rock)",6.0,29.21,52.5,2.0
1994,Indonesia,Tsunami/Tidal wave,7.0,-10.2,13.2,239.0
1994,Indonesia,,7.0,1.015,127.733,7.0
1994,Iran (Islamic Republic of),,6.0,30.853,60.596,9.0
1989,Soviet Union,"Slide (land, mud, snow, rock)",5.0,38.465,68.694,274.0
1989,United States of America (the),,7.0,37.036,-121.88,62.0
1989,United States of America (the),,6.0,19.362,-155.083,5.0
1990,Soviet Union,,7.0,45.841,26.668,4.0
1990,Soviet Union,,7.0,47.892,85.12,1.0
1990,South Africa,,4.0,-26.39,27.349,10.0
1991,Soviet Union,Flood,7.0,42.15,42.44,270.0
1991,Soviet Union,"Slide (land, mud, snow, rock)",7.0,35.883,70.423,3.0
1991,Soviet Union,,5.0,37.457,68.273,1.0
1991,United States of America (the),,6.0,34.1,-118.09,2.0
1991,Yemen,,4.0,13.887,44.068,10.0
1992,Turkey,"Slide (land, mud, snow, rock)",7.0,39.71,39.605,653.0
1992,Uzbekistan,"Slide (land, mud, snow, rock)",6.0,41.019,72.429,9.0
1992,United States of America (the),,7.0,34.0,-118.15,1.0
1992,Congo (the Democratic Republic of the),,7.0,-6.087,26.651,9.0
1993,Sudan (the),,6.0,15.385,31.69,3.0
1993,United States of America (the),,6.0,42.314,-122.01,2.0
1993,Wallis and Futuna,,7.0,-14.385,-178.252,5.0
1994,United States of America (the),Fire,7.0,0.34,30.12,60.0
1994,Uganda,"Slide (land, mud, snow, rock)",6.0,0.593,30.037,7.0
1994,China,,7.0,22.52,118.7,1.0
1995,Chile,,8.0,-23.34,-70.36,3.0
1995,China,,7.0,21.966,99.196,11.0
1995,China,,6.0,25.9,102.2,46.0
1995,China,,6.0,36.443,103.105,14.0
1996,China,,7.0,25.04,102.41,309.0
1996,China,,6.0,40.774,109.661,18.0
1996,China,,7.0,39.28,76.44,26.0
1997,Chile,"Slide (land, mud, snow, rock)",7.0,-30.933,-71.22,8.0
1997,Afghanistan,,6.0,33.825,59.809,5.0
1997,Bangladesh,,6.0,22.212,92.702,23.0
1997,China,,6.0,39.474,76.998,12.0
1997,China,,7.0,39.3,76.5,9.0
1997,China,,5.0,39.422,76.839,2.0
1997,China,,6.0,39.527,76.941,9.0
1998,China,Fire,6.0,41.083,114.5,49.0
1998,Afghanistan,"Slide (land, mud, snow, rock)",7.0,37.106,70.11,4700.0
1998,China,"Slide (land, mud, snow, rock)",6.0,27.308,101.029,3.0
1998,Afghanistan,,6.0,37.075,70.089,2323.0
1998,Azerbaijan,,6.0,38.717,48.507,1.0
1998,Azores Islands,,6.0,38.65,-28.626,10.0
1998,Bolivia (Plurinational State of),,7.0,-17.731,-65.431,95.0
1994,Indonesia,Tsunami/Tidal wave,6.0,-1.14,128.5,1.0
1994,Japan,Tsunami/Tidal wave,8.0,45.1,147.51,5.0
1994,Algeria,,6.0,35.52,-0.12,171.0
1994,Japan,,8.0,40.5,143.4,2.0
1994,Philippines (the),,7.0,13.352,121.087,81.0
1995,Indonesia,"Slide (land, mud, snow, rock)",7.0,40.1,21.6,15.0
1995,Japan,Fire,7.0,34.58,135.0,5297.0
1995,Colombia,"Slide (land, mud, snow, rock)",7.0,4.9,-73.1,7.0
1995,Indonesia,"Slide (land, mud, snow, rock)",7.0,-2.1,101.3,84.0
1995,Colombia,,6.0,4.1,-76.6,40.0
1995,Colombia,,5.0,1.12,-77.17,8.0
1995,Cyprus,,6.0,35.1,32.3,2.0
1995,Ecuador,,5.0,-2.13,-79.54,1.0
1995,Ecuador,,7.0,-2.7,-77.8,2.0
1995,Egypt,,6.0,28.8,34.8,10.0
1995,Greece,,7.0,40.1,21.6,26.0
1995,Greece,,6.0,38.4,22.2,26.0
1995,Mexico,,7.0,16.8,-98.6,6.0
1995,Mexico,,8.0,16.2,104.1,58.0
1996,Indonesia,Tsunami/Tidal wave,7.0,0.729,119.931,9.0
1996,Indonesia,Tsunami/Tidal wave,8.0,1.1,137.15,166.0
1996,Ecuador,,6.0,-0.68,-78.3,27.0
1996,Peru,,7.0,-14.9,-75.7,14.0
1997,Iran (Islamic Republic of),"Slide (land, mud, snow, rock)",7.0,33.825,59.809,1568.0
1997,Pakistan,"Slide (land, mud, snow, rock)",6.0,29.976,68.208,50.0
1997,Indonesia,,6.0,-4.0,119.4,20.0
1997,India,,6.0,23.083,80.041,43.0
1997,Iran (Islamic Republic of),,6.0,37.661,57.291,100.0
1997,Iran (Islamic Republic of),,6.0,38.075,48.05,1100.0
1997,Italy,,6.0,43.0,13.0,14.0
1997,Mexico,,7.0,17.31,-101.16,1.0
1998,Iran (Islamic Republic of),"Slide (land, mud, snow, rock)",5.0,27.791,53.608,5.0
1998,Indonesia,Tsunami/Tidal wave,8.0,-2.071,124.891,33.0
1998,Ecuador,,7.0,-0.593,-80.393,3.0
1998,Iran (Islamic Republic of),,7.0,30.154,57.605,5.0
1998,Iran (Islamic Republic of),,6.0,32.457,59.976,12.0
1994,Russian Federation (the),Tsunami/Tidal wave,8.0,45.1,147.51,11.0
1995,Russian Federation (the),,8.0,52.5,142.9,1989.0
1995,Turkey,,6.0,38.0,30.1,94.0
1997,Venezuela (Bolivarian Republic of),"Slide (land, mud, snow, rock)",7.0,10.598,-63.486,80.0
1997,South Africa,,5.0,-26.857,26.619,15.0
1998,Papua New Guinea,,7.0,-2.961,141.926,2182.0
1998,Turkey,,6.0,3.878,35.307,145.0
1998,China,,6.0,39.66,77.343,3.0
1999,Afghanistan,,6.0,34.259,69.364,70.0
1999,Azerbaijan,,5.0,40.802,47.448,1.0
1999,Bangladesh,,5.0,21.544,91.895,6.0
2000,Azerbaijan,,7.0,40.245,49.946,31.0
2000,China,,6.0,25.607,101.063,7.0
2000,China,,5.0,24.263,103.797,1.0
2000,China,,5.0,25.826,102.194,1.0
2001,China,,6.0,29.513,101.129,3.0
1998,Pakistan,"Slide (land, mud, snow, rock)",6.0,36.479,71.086,1.0
1998,Indonesia,,6.0,-8.194,112.413,1.0
1999,Colombia,"Slide (land, mud, snow, rock)",6.0,4.461,-75.724,1186.0
1999,Mexico,"Slide (land, mud, snow, rock)",7.0,18.386,-97.436,15.0
1999,Algeria,,6.0,35.321,-1.281,22.0
1999,Greece,,6.0,38.119,23.605,143.0
1999,Guatemala,,7.0,15.782,88.33,2.0
1999,Indonesia,,7.0,-6.845,105.555,5.0
1999,India,,7.0,30.512,79.403,100.0
1999,Iran (Islamic Republic of),,7.0,28.343,57.193,1.0
1999,Iran (Islamic Republic of),,7.0,29.501,51.88,20.0
1999,Mexico,,8.0,16.1,-96.7,31.0
2000,Indonesia,"Slide (land, mud, snow, rock)",7.0,-4.646,102.102,103.0
2000,Indonesia,Tsunami/Tidal wave,8.0,-1.105,123.573,45.0
2000,Colombia,,7.0,7.042,-77.829,2.0
2000,Indonesia,,7.0,-4.612,101.905,1.0
2000,Iran (Islamic Republic of),,5.0,35.288,58.218,1.0
2000,Japan,,6.0,34.221,139.131,1.0
2000,Nicaragua,,5.0,11.884,-85.988,7.0
2001,Guatemala,,8.0,13.049,-88.66,6.0
2001,India,,8.0,23.419,70.232,20005.0
2001,Pakistan,,8.0,23.419,70.232,12.0
1999,Vanuatu,"Slide (land, mud, snow, rock)",8.0,-16.423,168.214,12.0
1999,Peru,"Slide (land, mud, snow, rock)",7.0,-16.66,-72.662,1.0
1999,Turkey,"Slide (land, mud, snow, rock)",7.0,40.758,31.161,845.0
1999,Taiwan (Province of China),"Slide (land, mud, snow, rock)",8.0,23.772,120.982,2264.0
1999,Philippines (the),,7.0,15.766,119.74,6.0
1999,Russian Federation (the),,7.0,43.21,46.82,1.0
1999,Turkey,,8.0,40.748,29.864,17127.0
1999,Turkey,,6.0,40.709,30.045,6.0
1999,Turkey,,5.0,40.711,29.949,1.0
1999,Turkey,,7.0,40.758,31.161,3.0
1999,Taiwan (Province of China),,6.0,23.445,120.506,1.0
2000,Papua New Guinea,Tsunami/Tidal wave,8.0,-3.98,152.169,2.0
2000,Turkmenistan,,7.0,39.566,54.799,11.0
2000,Turkey,,5.0,38.164,38.777,1.0
2000,Turkey,,6.0,40.693,32.992,2.0
2000,"Tanzania, United Republic of",,7.0,-7.977,30.709,1.0
2001,El Salvador,"Slide (land, mud, snow, rock)",8.0,13.049,-88.66,844.0
2001,El Salvador,"Slide (land, mud, snow, rock)",7.0,13.671,-88.938,315.0
2001,China,"Slide (land, mud, snow, rock)",6.0,24.768,99.061,2.0
2001,United States of America (the),,7.0,47.149,-122.7266667,1.0
2001,Afghanistan,,5.0,35.169,69.389,4.0
2001,China,,6.0,27.689,101.003,2.0
2001,China,,6.0,26.316,100.648,1.0
2002,Afghanistan,"Slide (land, mud, snow, rock)",6.0,36.429,70.438,150.0
2002,Afghanistan,"Slide (land, mud, snow, rock)",6.0,36.062,69.315,1000.0
2002,Afghanistan,"Slide (land, mud, snow, rock)",6.0,35.959,69.417,50.0
2001,Japan,,7.0,34.083,132.526,2.0
2002,Indonesia,"Slide (land, mud, snow, rock)",8.0,-1.757,134.297,8.0
2002,Georgia,"Slide (land, mud, snow, rock)",5.0,41.765,44.96,6.0
2002,Italy,"Slide (land, mud, snow, rock)",6.0,41.789,14.872,30.0
2002,India,Tsunami/Tidal wave,7.0,13.036,93.068,2.0
2002,China,,6.0,39.736,97.443,2.0
2002,Indonesia,,7.0,2.824,96.085,3.0
2002,Iran (Islamic Republic of),,5.0,28.093,51.755,1.0
2002,Iran (Islamic Republic of),,5.0,34.642,47.4,2.0
2002,Iran (Islamic Republic of),,7.0,35.626,49.047,227.0
2002,Italy,,6.0,38.381,13.701,2.0
2003,Mexico,"Slide (land, mud, snow, rock)",8.0,18.77,-104.104,29.0
2003,China,,6.0,39.61,77.23,268.0
2001,Peru,Tsunami/Tidal wave,8.0,-16.265,-73.641,145.0
2001,Peru,,6.0,-15.35,-72.516,2.0
2001,Peru,,6.0,-14.258,-72.683,4.0
2002,Taiwan (Province of China),Tsunami/Tidal wave,7.0,24.279,122.179,4.0
2002,Pakistan,"Slide (land, mud, snow, rock)",5.0,35.517,74.654,17.0
2002,Pakistan,"Slide (land, mud, snow, rock)",6.0,35.414,74.515,19.0
2002,Philippines (the),Tsunami/Tidal wave,8.0,6.033,124.249,15.0
2002,Papua New Guinea,Tsunami/Tidal wave,8.0,-3.302,142.945,4.0
2002,Pakistan,,6.0,36.429,70.438,3.0
2002,Papua New Guinea,,7.0,-3.212,142.427,1.0
2002,Rwanda,,5.0,-1.684,29.077,45.0
2002,Serbia Montenegro,,6.0,42.436,21.466,1.0
2002,Tajikistan,,5.0,38.673,69.902,3.0
2002,Turkey,,7.0,38.573,31.271,42.0
2002,"Tanzania, United Republic of",,6.0,-2.907,33.733,2.0
2003,Afghanistan,"Slide (land, mud, snow, rock)",5.0,35.893,70.62,1.0
2003,Bangladesh,"Slide (land, mud, snow, rock)",6.0,22.854,92.306,2.0
2003,Turkey,,6.0,39.5,39.878,1.0
2004,Afghanistan,,5.0,33.426,69.524,2.0
2004,Burundi,,5.0,-3.393,29.558,3.0
2004,Bangladesh,,9.0,3.295,95.982,2.0
2003,Japan,Fire,7.0,41.774,143.593,2.0
2003,China,"Slide (land, mud, snow, rock)",6.0,25.975,101.29,16.0
2003,Dominican Republic (the),"Slide (land, mud, snow, rock)",6.0,19.777,-70.673,3.0
2003,Algeria,Tsunami/Tidal wave,7.0,36.964,3.634,2266.0
2003,China,,6.0,39.43,77.219,1.0
2003,China,,5.0,43.77,119.643,4.0
2003,China,,6.0,25.954,101.254,3.0
2003,China,,6.0,38.383,100.975,9.0
2003,China,,5.0,34.712,103.834,1.0
2003,China,,6.0,27.372,103.971,4.0
2003,China,,6.0,42.905,80.515,11.0
2003,Costa Rica,,7.0,8.416,-82.824,2.0
2003,Algeria,,6.0,36.939,3.578,9.0
2003,Indonesia,,7.0,2.354,128.855,1.0
2003,Iran (Islamic Republic of),,6.0,28.355,54.169,1.0
2003,Iran (Islamic Republic of),,7.0,28.995,58.311,26796.0
2003,Kazakhstan,,6.0,42.946,72.764,3.0
2004,Japan,Fire,7.0,37.226,138.779,40.0
2004,Indonesia,Fire,7.0,-3.615,135.538,37.0
2004,Indonesia,Fire,7.0,-3.609,135.404,32.0
2004,Costa Rica,"Slide (land, mud, snow, rock)",6.0,9.602,-84.172,8.0
2004,Indonesia,"Slide (land, mud, snow, rock)",8.0,-8.152,124.868,33.0
2004,Iran (Islamic Republic of),"Slide (land, mud, snow, rock)",6.0,36.29,51.61,35.0
2004,Indonesia,Tsunami/Tidal wave,9.0,3.295,95.982,165708.0
2004,Kenya,Tsunami/Tidal wave,9.0,3.295,95.982,1.0
2004,China,,5.0,27.266,103.873,4.0
2004,Colombia,,5.0,2.265,-76.595,1.0
2004,Guadeloupe,,6.0,15.679,-61.706,1.0
2004,Indonesia,,6.0,-8.31,115.788,1.0
2004,Indonesia,,5.0,-0.466,100.655,5.0
2004,India,,9.0,3.295,95.982,16389.0
2004,Sri Lanka,,9.0,3.295,95.982,35399.0
2005,Japan,"Slide (land, mud, snow, rock)",7.0,33.807,130.131,1.0
2005,Indonesia,Tsunami/Tidal wave,9.0,2.085,97.108,915.0
2005,Indonesia,,6.0,-1.198,119.933,1.0
2005,Iran (Islamic Republic of),,6.0,30.754,56.816,612.0
2003,Russian Federation (the),"Slide (land, mud, snow, rock)",7.0,50.038,87.813,3.0
2003,Panama,,7.0,8.416,-82.824,2.0
2003,Turkey,,6.0,39.007,40.464,177.0
2003,United States of America (the),,7.0,35.7005,-121.1005,2.0
2004,Pakistan,"Slide (land, mud, snow, rock)",6.0,34.774,73.216,24.0
2004,Slovenia,"Slide (land, mud, snow, rock)",5.0,46.296,13.641,1.0
2004,Maldives,Tsunami/Tidal wave,9.0,3.295,95.982,102.0
2004,Malaysia,Tsunami/Tidal wave,9.0,3.295,95.982,80.0
2004,Thailand,Tsunami/Tidal wave,9.0,3.295,95.982,8345.0
2004,Morocco,,6.0,35.142,-3.997,628.0
2004,Myanmar,,9.0,3.295,95.982,71.0
2004,Somalia,,9.0,3.295,95.982,298.0
2004,Seychelles,,9.0,3.295,95.982,3.0
2004,Turkey,,6.0,39.93,40.812,9.0
2004,Turkey,,5.0,39.766,43.979,18.0
2004,"Tanzania, United Republic of",,9.0,3.295,95.982,10.0
2005,El Salvador,"Slide (land, mud, snow, rock)",5.0,13.835,-89.759,1.0
2005,Turkey,,6.0,37.622,43.703,2.0
2005,South Africa,,5.0,-26.913,26.789,2.0
2005,Afghanistan,,8.0,34.539,73.588,1.0
2005,Afghanistan,,7.0,36.357,71.093,5.0
2006,Afghanistan,,6.0,37.255,68.828,1.0
2005,India,Fire,8.0,34.539,73.588,1309.0
2005,Chile,"Slide (land, mud, snow, rock)",8.0,-19.987,-69.197,11.0
2005,China,,5.0,29.671,115.688,16.0
2005,Iran (Islamic Republic of),,6.0,26.774,55.858,13.0
2006,China,"Slide (land, mud, snow, rock)",5.0,28.012,104.151,1.0
2006,Indonesia,"Slide (land, mud, snow, rock)",6.0,0.626,99.859,8.0
2006,Indonesia,Tsunami/Tidal wave,7.0,-3.595,127.214,3.0
2006,China,,5.0,27.995,104.138,22.0
2006,Algeria,,5.0,36.623,5.328,4.0
2006,Indonesia,,6.0,-7.961,110.446,5778.0
2006,Indonesia,,6.0,-8.261,118.753,1.0
2006,Indonesia,,8.0,-9.284,107.419,802.0
2006,Iran (Islamic Republic of),,6.0,33.5,48.78,63.0
2007,Chile,Tsunami/Tidal wave,6.0,-45.243,-72.648,10.0
2007,Indonesia,,6.0,-0.488,100.53,67.0
2005,Pakistan,,8.0,34.539,73.588,73338.0
2005,Peru,,8.0,-5.678,-76.398,5.0
2005,Papua New Guinea,,6.0,-6.319,146.846,1.0
2005,"Tanzania, United Republic of",,7.0,-6.224,29.83,2.0
2005,Congo (the Democratic Republic of the),,7.0,-6.224,29.83,6.0
2006,Mozambique,,7.0,-21.324,33.583,4.0
2006,Tajikistan,,6.0,37.255,68.828,3.0
2006,Taiwan (Province of China),,7.0,21.799,120.547,2.0
2007,Japan,Tsunami/Tidal wave,7.0,37.336,136.588,1.0
2007,Solomon Islands,"Slide (land, mud, snow, rock)",8.0,-8.466,157.043,52.0
2007,Indonesia,Tsunami/Tidal wave,8.0,-4.438,101.367,25.0
2007,Brazil,,5.0,-15.048,-44.231,1.0
2007,Chile,,8.0,-22.247,-69.89,2.0
2007,China,,6.0,23.028,101.052,3.0
2007,Indonesia,,7.0,-8.292,118.37,3.0
2008,China,"Slide (land, mud, snow, rock)",8.0,31.002,103.322,87476.0
2008,Colombia,"Slide (land, mud, snow, rock)",6.0,4.33,-73.764,11.0
2008,Greece,"Slide (land, mud, snow, rock)",6.0,37.963,21.525,2.0
2008,China,,6.0,32.756,105.494,4.0
2008,China,,6.0,25.039,97.697,6.0
2008,China,,6.0,26.241,101.889,40.0
2008,China,,6.0,29.807,90.35,30.0
2008,China,,6.0,32.56,105.423,8.0
2008,Indonesia,,7.0,2.768,95.964,3.0
2008,Indonesia,,5.0,-3.935,103.058,2.0
2008,Indonesia,,7.0,1.271,122.091,6.0
2009,Costa Rica,"Slide (land, mud, snow, rock)",6.0,10.165,-84.197,31.0
2009,Honduras,"Slide (land, mud, snow, rock)",7.0,16.731,-86.217,7.0
2009,Afghanistan,,5.0,34.185,70.076,22.0
2009,Indonesia,,8.0,-0.414,132.885,5.0
2007,Japan,Tsunami/Tidal wave,7.0,37.535,138.446,9.0
2007,Peru,Tsunami/Tidal wave,8.0,-13.386,-76.603,593.0
2007,Russian Federation (the),Tsunami/Tidal wave,6.0,47.116,141.798,2.0
2007,Tajikistan,Flood,5.0,38.936,70.485,11.0
2007,Martinique,,7.0,14.944,-61.274,1.0
2008,Japan,"Slide (land, mud, snow, rock)",7.0,39.03,140.881,23.0
2008,Japan,"Slide (land, mud, snow, rock)",7.0,39.802,141.464,1.0
2008,Pakistan,"Slide (land, mud, snow, rock)",6.0,30.639,67.351,166.0
2008,Iran (Islamic Republic of),,6.0,26.743,55.828,6.0
2008,Kyrgyzstan,,7.0,39.533,73.824,74.0
2008,Russian Federation (the),,6.0,43.372,46.254,13.0
2008,Rwanda,,6.0,-2.296,28.9,36.0
2009,Italy,"Slide (land, mud, snow, rock)",6.0,42.334,13.334,295.0
2008,Congo (the Democratic Republic of the),,6.0,-2.296,28.9,11.0
2009,Indonesia,"Slide (land, mud, snow, rock)",7.0,-8.207,118.631,1195.0
2009,Indonesia,"Slide (land, mud, snow, rock)",7.0,-7.782,107.297,128.0
2009,American Samoa,Tsunami/Tidal wave,8.0,-15.489,-172.095,34.0
2009,Bhutan,,8.0,-15.489,-172.095,11.0
2009,China,,6.0,25.632,101.095,1.0
2009,Indonesia,,8.0,-0.72,99.867,2.0
2010,Afghanistan,"Slide (land, mud, snow, rock)",6.0,35.633,67.658,11.0
2010,China,"Slide (land, mud, snow, rock)",4.0,25.558,105.804,8.0
2010,Indonesia,"Slide (land, mud, snow, rock)",7.0,-2.174,136.543,17.0
2010,Chile,Tsunami/Tidal wave,9.0,-36.122,-72.898,562.0
2010,Indonesia,Tsunami/Tidal wave,8.0,-3.487,100.082,530.0
2010,China,,5.0,30.268,105.668,1.0
2010,China,,7.0,33.165,96.548,2968.0
2010,Haiti,,7.0,18.443,-72.571,222570.0
2010,Iran (Islamic Republic of),,6.0,27.022,53.861,1.0
2010,Iran (Islamic Republic of),,7.0,28.412,59.18,7.0
2010,Iran (Islamic Republic of),,6.0,35.49,54.47,3.0
2011,Indonesia,Tsunami/Tidal wave,9.0,38.297,142.373,1.0
2011,China,,6.0,24.727,97.957,25.0
2011,Spain,,5.0,37.699,-1.672,10.0
2011,Japan,,7.0,38.276,141.588,2.0
2009,Japan,Tsunami/Tidal wave,6.0,34.743,138.264,1.0
2009,Tonga,Tsunami/Tidal wave,8.0,-15.489,-172.095,9.0
2009,Malawi,,6.0,-9.948,33.878,1.0
2009,Malawi,,6.0,-10.108,33.818,3.0
2010,Mexico,,7.0,32.2861667,-115.2953333,2.0
2010,Turkey,,6.0,38.864,39.986,51.0
2011,Japan,Fire,9.0,38.297,142.373,19846.0
2011,Myanmar,,7.0,20.687,99.822,74.0
2011,New Zealand,,6.0,-43.583,172.68,181.0
2011,Pakistan,,7.0,28.777,63.951,2.0
2011,Thailand,,7.0,20.687,99.822,1.0
2011,Turkey,,6.0,39.149,29.103,3.0
2011,Uzbekistan,,6.0,40.081,71.41,13.0
2009,Samoa,Tsunami/Tidal wave,8.0,-15.489,-172.095,148.0
2010,Serbia,,6.0,43.76,20.73,2.0
2011,India,"Slide (land, mud, snow, rock)",7.0,27.73,88.155,112.0
2011,Bhutan,,7.0,27.73,88.155,1.0
2011,China,,7.0,27.73,88.155,7.0
2011,Guatemala,,6.0,14.186,-90.238,3.0
2011,Indonesia,,7.0,2.965,97.893,10.0
2012,Afghanistan,"Slide (land, mud, snow, rock)",6.0,36.023,69.351,73.0
2012,Chile,,7.0,-35.2,-72.217,1.0
2012,China,,6.0,27.767,100.781,4.0
2012,China,,6.0,27.575,103.983,81.0
2012,China,,5.0,32.978,119.593,1.0
2012,Costa Rica,,8.0,10.085,-85.315,2.0
2012,Guatemala,,7.0,13.988,-91.895,44.0
2012,Indonesia,,9.0,2.327,93.063,7.0
2012,Indonesia,,6.0,-1.315,120.096,6.0
2013,China,"Slide (land, mud, snow, rock)",6.0,34.512,104.262,95.0
2013,China,"Slide (land, mud, snow, rock)",6.0,28.2425,99.3502,3.0
2013,Indonesia,"Slide (land, mud, snow, rock)",6.0,4.645,96.665,48.0
2013,Afghanistan,,6.0,34.526,70.22,18.0
2013,China,,7.0,30.308,102.888,198.0
2013,Guatemala,,6.0,14.6056,-92.1207,1.0
2013,Indonesia,,6.0,4.927,95.907,1.0
2013,Indonesia,,5.0,5.1033,95.9709,1.0
2013,India,,6.0,33.061,75.863,3.0
2011,New Zealand,"Slide (land, mud, snow, rock)",6.0,-43.564,172.743,1.0
2011,Mexico,,7.0,17.986,-99.789,2.0
2011,Nepal,,7.0,27.73,88.155,7.0
2011,Peru,,7.0,-14.438,-75.966,1.0
2011,Turkey,,7.0,38.721,43.508,604.0
2011,Turkey,,6.0,38.429,43.229,40.0
2012,Myanmar,"Slide (land, mud, snow, rock)",7.0,23.005,95.885,38.0
2012,Philippines (the),"Slide (land, mud, snow, rock)",7.0,9.999,123.206,113.0
2012,Iran (Islamic Republic of),,6.0,38.329,46.826,306.0
2012,Iran (Islamic Republic of),,6.0,33.506,59.571,6.0
2012,Italy,,6.0,44.89,11.23,7.0
2012,Italy,,6.0,44.851,11.086,17.0
2012,Mexico,,7.0,16.493,-98.231,2.0
2012,Philippines (the),,8.0,10.811,126.638,1.0
2012,Tajikistan,,6.0,38.612,70.354,2.0
2013,Solomon Islands,Tsunami/Tidal wave,8.0,-10.799,165.114,10.0
2013,Iran (Islamic Republic of),,6.0,28.428,51.593,37.0
2013,Iran (Islamic Republic of),,6.0,29.32,51.31,8.0
2013,Pakistan,,8.0,28.033,61.996,41.0
2013,Pakistan,,8.0,26.951,65.5009,399.0
2013,Pakistan,,7.0,27.1825,65.5052,22.0
2013,Philippines (the),,7.0,9.8796,124.1167,230.0
2013,Taiwan (Province of China),,6.0,23.789,121.141,4.0
2013,Taiwan (Province of China),,6.0,23.828,121.215,1.0
2014,Chile,,8.0,-19.61,-70.769,6.0
2014,China,"Slide (land, mud, snow, rock)",6.0,27.1891,103.4086,731.0
2014,Ecuador,"Slide (land, mud, snow, rock)",5.0,-0.018,-78.322,3.0
2014,China,,6.0,23.3834,100.4702,1.0
2014,China,,6.0,30.3398,101.7374,5.0
2014,China,,6.0,23.3577,100.533,1.0
2014,Algeria,,6.0,36.8561,3.181,6.0
2014,Greece,,7.0,40.2893,25.3889,3.0
2014,Guatemala,,7.0,14.724,-92.4614,1.0
2015,Chile,Tsunami/Tidal wave,8.0,-31.5729,-71.6744,19.0
2015,Afghanistan,,8.0,36.5244,70.3676,115.0
2015,Bangladesh,,8.0,28.2305,84.7314,4.0
2015,China,,8.0,28.2305,84.7314,29.0
2015,China,,7.0,27.8087,86.0655,1.0
2015,China,,6.0,37.4593,78.1542,3.0
2016,Ecuador,,8.0,0.382,-79.92,672.0
2016,Bangladesh,,7.0,24.804,93.65,5.0
2016,Ecuador,,7.0,0.495,-79.62,1.0
2014,Iran (Islamic Republic of),,5.0,27.1502,54.4482,1.0
2014,Mexico,,7.0,14.724,-92.4614,3.0
2014,Nicaragua,,7.0,11.642,-85.8779,2.0
2014,Peru,,5.0,-13.843,-71.695,8.0
2014,Thailand,,6.0,19.6557,99.6696,1.0
2015,Malaysia,"Slide (land, mud, snow, rock)",6.0,5.987,116.541,24.0
2015,Nepal,"Slide (land, mud, snow, rock)",8.0,28.23,84.731,8831.0
2015,Nepal,"Slide (land, mud, snow, rock)",7.0,27.8087,86.0655,138.0
2015,India,,8.0,28.2305,84.7314,78.0
2015,India,,7.0,27.8087,86.0655,20.0
2015,Pakistan,,8.0,36.5244,70.3676,280.0
2015,Pakistan,,6.0,36.4935,71.1263,3.0
2015,Tajikistan,,7.0,38.211,72.78,2.0
2016,India,,7.0,24.804,93.65,8.0
2016,Italy,,6.0,42.723,13.187,296.0
2016,Japan,,7.0,32.788,130.7,9.0
2016,Japan,,7.0,32.791,130.75,49.0
2016,Pakistan,,7.0,36.473,71.13,6.0
2016,Peru,,5.0,-15.64,-71.68,4.0
2014,United States of America (the),Fire,6.0,38.2151667,-122.3123333,1.0
2014,South Africa,,5.0,-26.9899,26.7048,1.0
2015,Congo (the Democratic Republic of the),,6.0,-2.091,28.952,3.0
2016,Taiwan (Province of China),Collapse,6.0,22.938,120.6,117.0
2016,China,,7.0,39.238,74.047,1.0
2016,China,,5.0,26.077,99.539,2.0
2017,China,"Slide (land, mud, snow, rock)",7.0,33.193,103.855,29.0
2017,Greece,"Slide (land, mud, snow, rock)",6.0,38.915,26.371,1.0
2017,Greece,Tsunami/Tidal wave,7.0,36.925,27.414,2.0
2019,Chile,,7.0,-30.074,-71.423,2.0
2019,China,,5.0,29.498,104.632,2.0
2019,China,,6.0,28.405,104.957,13.0
2016,New Zealand,Tsunami/Tidal wave,8.0,-42.725,173.064,2.0
2016,Indonesia,,7.0,5.281,96.108,104.0
2016,Italy,,6.0,42.934,13.043,1.0
2016,Myanmar,,7.0,20.923,94.569,4.0
2016,Peru,,6.0,-15.321,-70.823,1.0
2017,Mexico,Tsunami/Tidal wave,8.0,15.022,-93.899,98.0
2017,Mexico,Fire,7.0,18.55,-98.489,369.0
2017,Italy,"Avalanche (Snow, Debris)",5.0,42.601,13.227,29.0
2017,Indonesia,,7.0,-7.492,108.174,4.0
2017,Iran (Islamic Republic of),,6.0,37.772,57.204,3.0
2017,Iran (Islamic Republic of),,7.0,34.911,45.959,444.0
2017,Iran (Islamic Republic of),,5.0,35.649,50.962,2.0
2017,Iraq,,7.0,34.911,45.959,10.0
2017,Philippines (the),,7.0,9.907,125.452,8.0
2017,Philippines (the),,7.0,11.111,124.619,3.0
2018,Indonesia,Tsunami/Tidal wave,8.0,-0.256,119.846,4140.0
2018,Papua New Guinea,"Slide (land, mud, snow, rock)",8.0,-6.149,142.766,145.0
2018,Indonesia,Tsunami/Tidal wave,7.0,-8.287,116.452,564.0
2018,Haiti,,6.0,20.034,-73.013,17.0
2018,Indonesia,,6.0,-7.196,105.918,1.0
2018,Indonesia,,6.0,-8.274,116.491,14.0
2018,Indonesia,,7.0,-8.325,116.577,10.0
2018,Iran (Islamic Republic of),,6.0,34.663,46.277,2.0
2018,Japan,,6.0,34.826,135.64,5.0
2018,Peru,,7.0,-15.759,74.71,2.0
2018,Papua New Guinea,,7.0,-6.294,142.607,25.0
2019,Indonesia,Tsunami/Tidal wave,7.0,-0.586,128.034,8.0
2019,Indonesia,,6.0,-8.418,116.52,9.0
2019,Iran (Islamic Republic of),,6.0,31.775,49.542,1.0
2019,Peru,,8.0,-5.812,-75.27,2.0
2019,Philippines (the),,6.0,14.99,120.35,25.0
1902,China,,8.0,39.88,76.2,2500.0
1905,Albania,,7.0,42.1,19.6,120.0
1906,China,,8.0,43.5,85.5,280.0
1909,China,,7.0,24.4,103.0,21.0
1913,China,,7.0,24.15,102.45,942.0
1915,China,,7.0,29.5,91.5,170.0
1920,Albania,,6.0,40.2,20.0,200.0
1920,Argentina,,6.0,-32.7,-68.4,400.0
1923,Colombia,,5.0,1.0,-77.5,300.0
1924,China,,7.0,36.983,164.0,100.0
1925,China,,6.0,27.0,100.0,12.0
1930,Albania,,6.0,40.5,19.5,35.0
1930,Albania,,5.0,40.3,19.6,25.0
1930,China,,6.0,26.8,103.0,42.0
1930,China,,6.0,30.0,100.0,200.0
1931,Albania,,6.0,40.6,20.8,90.0
1931,Armenia,,6.0,39.2,46.0,2890.0
1931,China,,8.0,46.817,89.915,10000.0
1933,China,,5.0,29.5,102.5,200.0
1935,China,,6.0,28.7,103.6,100.0
1936,China,,6.0,34.2,105.7,115.0
1936,China,,6.0,26.6,103.0,30.0
1940,China,,6.0,23.9,102.3,181.0
1941,China,,6.0,47.0,127.2,132.0
1941,China,,6.0,31.7,102.3,15.0
1942,Albania,,6.0,41.7,20.4,43.0
1942,China,,7.0,23.1,100.3,90.0
1945,China,,6.0,39.5,119.0,17.0
1948,China,,7.0,29.5,100.5,800.0
1948,China,,7.0,26.4,99.7,110.0
1949,China,,7.0,42.0,84.0,21.0
1952,China,,7.0,30.648,91.601,54.0
1955,Costa Rica,,6.0,10.0,-84.5,10.0
1958,Colombia,Tsunami/Tidal wave,8.0,1.5,-79.5,111.0
1967,Colombia,,7.0,6.747,-73.032,20.0
1967,Algeria,,5.0,35.5,-0.1,10.0
1972,Afghanistan,,6.0,36.278,69.681,11.0
1974,Colombia,,7.0,7.747,-77.688,11.0
2016,"Tanzania, United Republic of",,6.0,1.036,31.618,17.0
2016,Uganda,,6.0,-1.036,31.618,4.0
2018,Taiwan (Province of China),,6.0,24.136,121.658,84.0
2019,El Salvador,"Slide (land, mud, snow, rock)",7.0,13.243,-89.272,1.0
2019,Albania,,6.0,41.511,19.522,51.0
2019,China,,5.0,29.573,105.064,1.0
2020,China,,5.0,27.296,103.281,4.0
2021,China,,5.0,41.816,81.164,3.0
2021,China,,6.0,25.761,100.011,3.0
2021,China,,5.0,29.182,105.391,3.0
2022,Afghanistan,,5.0,34.929,63.621,28.0
1903,Iran (Islamic Republic of),,7.0,35.2,58.2,350.0
1903,Israel,,6.0,32.2,35.3,20.0
1904,Greece,,6.0,37.75,27.0,4.0
1905,Japan,,8.0,34.0,132.0,11.0
1909,Japan,Tsunami/Tidal wave,7.0,35.4,136.3,41.0
1909,Pakistan,,7.0,30.0,68.0,231.0
1911,Iran (Islamic Republic of),,7.0,32.23,57.03,700.0
1911,Japan,,8.0,28.0,130.0,12.0
1911,Kazakhstan,,8.0,43.5,77.5,450.0
1911,Mexico,,8.0,17.5,-102.5,45.0
1913,Indonesia,Tsunami/Tidal wave,8.0,5.354,126.121,138.0
1914,Greece,Tsunami/Tidal wave,6.0,38.8,20.6,14.0
1914,Italy,,5.0,37.7,15.2,120.0
1920,Mexico,,8.0,19.26,-96.97,648.0
1923,Iran (Islamic Republic of),,6.0,36.617,57.046,157.0
1923,Iran (Islamic Republic of),,7.0,29.196,56.833,290.0
1925,Philippines (the),Tsunami/Tidal wave,7.0,9.782,123.064,17.0
1925,Iran (Islamic Republic of),,6.0,34.6,58.1,500.0
1925,Japan,,7.0,35.423,135.007,395.0
1930,Italy,,6.0,43.667,13.267,18.0
1932,Greece,Tsunami/Tidal wave,7.0,40.5,23.9,151.0
1932,Mexico,Tsunami/Tidal wave,8.0,19.5,-104.25,400.0
1932,Iran (Islamic Republic of),,5.0,36.6,53.4,1070.0
1935,Iran (Islamic Republic of),,6.0,36.3,53.3,60.0
1935,Iran (Islamic Republic of),,6.0,36.3,53.5,690.0
1936,Iran (Islamic Republic of),,6.0,33.0,60.0,12.0
1937,Philippines (the),Tsunami/Tidal wave,8.0,14.575,121.68,1.0
1937,Mexico,,8.0,18.8,-97.5,34.0
1939,Japan,Tsunami/Tidal wave,7.0,39.945,139.682,27.0
1941,Iran (Islamic Republic of),,6.0,33.482,58.785,730.0
1942,Peru,Tsunami/Tidal wave,8.0,-14.819,-74.708,30.0
1944,Iran (Islamic Republic of),,5.0,36.8,54.5,20.0
1947,Greece,Tsunami/Tidal wave,8.0,36.728,21.897,3.0
1948,Greece,Tsunami/Tidal wave,7.0,38.532,20.425,2.0
1950,Indonesia,,7.0,-6.0,113.0,16.0
1961,Iran (Islamic Republic of),,6.0,27.861,54.528,60.0
1961,Japan,,7.0,36.0,136.7,10.0
1965,Greece,,6.0,37.7,21.8,32.0
1965,Iran (Islamic Republic of),,5.0,37.6,47.1,20.0
1966,India,,6.0,28.7,78.9,15.0
1967,Indonesia,Tsunami/Tidal wave,7.0,5.121,96.286,14.0
1968,Iran (Islamic Republic of),,7.0,34.0,58.2,700.0
1968,Mexico,,7.0,16.519,-97.739,18.0
1969,Egypt,Tsunami/Tidal wave,7.0,27.575,33.895,2.0
1969,Morocco,,8.0,36.033,-10.613,11.0
1970,Peru,,5.0,-9.9,-75.6,12.0
1971,Indonesia,,5.0,-7.2,109.1,1.0
1972,Italy,,4.0,43.8,13.3,2.0
1974,Peru,,6.0,-12.299,-76.352,10.0
1982,Mexico,Volcanic activity,4.0,17.25,-93.21,10.0
2019,Indonesia,,7.0,-7.282,104.791,6.0
2019,Indonesia,,7.0,-3.45,128.347,31.0
2019,Iran (Islamic Republic of),,6.0,37.808,47.558,6.0
2019,Pakistan,,6.0,33.106,73.766,39.0
2019,Philippines (the),,6.0,20.807,121.986,9.0
2019,Philippines (the),,6.0,6.714,125.009,7.0
2019,Philippines (the),,7.0,6.754,124.985,10.0
2020,Greece,,7.0,37.913,26.779,2.0
2020,Croatia,,5.0,45.897,15.966,1.0
2020,Croatia,,6.0,45.422,16.255,8.0
2020,Mexico,,7.0,15.916,-95.953,10.0
2021,Indonesia,"Slide (land, mud, snow, rock)",6.0,-2.976,118.901,110.0
2021,Pakistan,"Slide (land, mud, snow, rock)",6.0,30.22,68.014,21.0
2021,Mexico,Tsunami/Tidal wave,7.0,16.982,-99.773,3.0
2021,Greece,,6.0,35.252,25.26,1.0
2021,Haiti,,7.0,18.408,-73.475,2575.0
2021,Indonesia,,6.0,-8.562,112.519,9.0
2021,Indonesia,,5.0,-8.356,115.458,3.0
2021,India,,6.0,26.781,92.457,2.0
2021,Iran (Islamic Republic of),,6.0,27.721,56.065,1.0
2021,Japan,,7.0,37.745,141.749,1.0
2022,Guatemala,,6.0,14.228,-91.343,3.0
2022,Haiti,,5.0,18.494,-73.3,2.0
2022,Indonesia,,6.0,0.216,100.096,15.0
2022,Japan,,7.0,37.702,141.587,3.0
1900,Turkey,,6.0,40.3,43.1,140.0
1902,Soviet Union,,7.0,40.7,48.6,86.0
1903,Turkey,,6.0,40.9,42.7,1000.0
1904,Taiwan (Province of China),,6.0,23.5,120.5,3.0
1904,Taiwan (Province of China),,6.0,23.5,120.3,145.0
1906,Taiwan (Province of China),,7.0,23.4,120.4,15.0
1909,Portugal,,7.0,38.9,-8.8,30.0
1909,Taiwan (Province of China),,7.0,25.0,121.5,9.0
1910,Taiwan (Province of China),,8.0,25.5,122.5,60.0
1911,Soviet Union,,7.0,38.2,72.8,90.0
1914,Turkey,,7.0,37.82,30.27,4000.0
1916,Taiwan (Province of China),,7.0,23.7,120.9,180.0
1916,Taiwan (Province of China),,6.0,24.0,121.0,1.0
1917,Taiwan (Province of China),,6.0,23.9,120.9,54.0
1922,Taiwan (Province of China),Tsunami/Tidal wave,8.0,24.5,122.0,5.0
1924,Turkey,,5.0,39.7,42.8,50.0
1924,Turkey,,7.0,39.897,41.891,60.0
1925,Turkey,,6.0,41.2,42.8,200.0
1925,Turkey,,6.0,38.0,30.5,3.0
1930,Soviet Union,,6.0,38.4,68.5,151.0
1930,Taiwan (Province of China),,6.0,23.261,120.277,4.0
1935,Turkey,,6.0,39.3,40.6,540.0
1936,Taiwan (Province of China),,7.0,22.3,120.8,10.0
1940,Turkey,,6.0,41.7,43.8,16.0
1941,Turkey,,6.0,39.5,43.3,430.0
1941,Turkey,,6.0,39.7,39.4,15.0
1941,Taiwan (Province of China),,7.0,23.304,120.393,319.0
1942,Turkey,,6.0,39.2,28.2,16.0
1943,Turkey,,7.0,40.8,30.5,285.0
1943,Turkey,,6.0,40.6,30.5,285.0
1944,Turkey,,6.0,38.9,29.3,21.0
1945,Turkey,,6.0,37.4,35.8,300.0
1946,Turkey,,6.0,38.2,31.8,12.0
1946,Taiwan (Province of China),,7.0,26.19,121.086,58.0
1951,Taiwan (Province of China),,7.0,23.8,121.7,68.0
1951,Taiwan (Province of China),,8.0,22.9,121.5,17.0
1959,Taiwan (Province of China),,7.0,22.078,121.105,16.0
1963,Taiwan (Province of China),,7.0,24.411,122.094,15.0
1966,Turkey,,6.0,39.1,41.6,10.0
1966,Turkey,,5.0,38.9,41.3,12.0
1967,Turkey,,6.0,39.5,40.4,97.0
1969,Portugal,Tsunami/Tidal wave,8.0,36.033,-10.613,2.0
1983,Indonesia,,6.0,1.131,120.858,2.0
2019,Philippines (the),,7.0,6.905,125.187,23.0
2019,Philippines (the),,7.0,6.708,125.188,14.0
2019,Turkey,,6.0,40.89,28.173,1.0
2020,Puerto Rico,Tsunami/Tidal wave,6.0,17.935,-66.883,4.0
2020,Philippines (the),,7.0,12.021,124.123,1.0
2020,Turkey,,7.0,38.39,44.367,41.0
2020,Turkey,,6.0,38.543,44.447,9.0
2020,Turkey,,6.0,39.421,40.697,1.0
2020,Turkey,,7.0,37.913,26.779,115.0
2022,China,"Slide (land, mud, snow, rock)",6.0,30.395,102.958,4.0
2022,Afghanistan,,6.0,33.092,69.514,1036.0
2022,China,,7.0,29.726,102.279,118.0
2022,Ecuador,,6.0,0.909,-79.589,1.0
2022,Indonesia,,6.0,-6.853,107.095,334.0
2023,Indonesia,,8.0,-7.065,130.005,1.0
2022,Philippines (the),"Slide (land, mud, snow, rock)",7.0,17.56,120.801,10.0
2022,Mexico,Tsunami/Tidal wave,8.0,18.497,-102.982,2.0
2022,Iran (Islamic Republic of),,6.0,26.899,55.321,5.0
2022,Mexico,,7.0,18.247,-102.952,3.0
2022,Nepal,,6.0,29.274,81.149,6.0
2022,Papua New Guinea,,8.0,-6.256,146.469,7.0
2022,Turkey,,6.0,40.847,30.967,2.0
2022,Taiwan (Province of China),,7.0,23.119,121.422,1.0
2022,United States of America (the),,6.0,40.525,124.423,2.0
2023,Turkey,Fire,8.0,38.055,36.51,45968.0
2023,Iran (Islamic Republic of),,6.0,38.424,44.909,3.0
2023,Syrian Arab Republic,,8.0,38.055,36.51,4500.0
2023,Turkey,,6.0,36.159,36.034,6.0
